2023-06-12 21:00:00,Top 10: Countries with Best Tunnels Part 1 #shorts 
2023-06-13 13:00:00,Top 10: Countries with Best Tunnels Part 2 #shorts 
2023-06-13 21:00:00,Countries with Most Unique Festivals Part 1 #shorts 
2023-06-14 13:00:00,Countries with Most Unique Festivals Part 2 #shorts 
2023-06-14 21:00:00,Countries with Best Wine Regions Part 1 #shorts 
2023-06-15 13:00:00,Countries with Best Wine Regions Part 2 #shorts 
2023-06-16 21:00:00,US Allies
2023-06-17 08:00:00,Countries with Most Allies
2023-06-17 08:00:00,Countries with Strongest Bears 2023
2023-06-17 19:00:00,Countries with Strongest Dogs
2023-06-18 08:00:00,Countries With Toughest Cats
2023-06-18 19:00:00,Countries with Most Dangerous Birds
2023-06-19 08:00:00,Smallest Countries in the World
2023-06-17 19:00:00,Countries in Fashion #fashion
2023-06-19 08:00:00,Countries with Biggest Insects 2023
2023-06-19 19:00:00,Countries with most Street Cats
2023-06-20 08:00:00,Countries with Highest Crime Rate
2023-06-20 19:00:00,Countries with Fastest Snails #snails
2023-06-19 08:00:00,Unluckiest Countries 21st Century
2023-06-20 08:00:00,Countries with Deadliest Snakes #top10
2023-06-20 19:00:00,Countries with Worst Neighbours
2023-06-21 08:00:00,War Crime Epicenters
2023-06-21 19:00:00,Largest Countries
2023-06-22 08:00:00,Countries with Most Submarines Lost #oceangate #submarine #ocean
2023-06-22 19:00:00,Countries with Heaviest Snowfall #weather 
2023-06-23 08:00:00,Countries with Most Mysterious Legends #mystery
2023-06-23 19:00:00,Most Ancient Countries in the World #ancient #history
2023-06-25 08:00:00,Most Intelligent Dog Breeds by Country #dogs
2023-06-25 19:00:00,Countries with the Most Expensive Currencies #money #currency
2023-06-26 08:00:00,Countries with Most Stunning Sunsets #sunset
2023-06-26 08:00:00,Most Intelligent Animals by Country #smart #animals
2023-06-26 19:00:00,Country with Most Underwater Shipwrecks #shipwrecks
2023-06-27 08:00:00,Countries with Most Precious Metals #metals
2023-06-27 19:00:00,Countries with Most Dangerous Reptiles #reptiles
2023-06-28 08:00:00,Most Corrupt Nations
2023-06-28 19:00:00,Countries with Fastest Internet Connection
2023-06-29 08:00:00,Countries with Fastest Internet Connection
2023-06-29 19:00:00,Countries with Most Powerful Air Forces
2023-06-30 08:00:00,Most Influential Countries
2023-06-30 19:00:00,Countries with Fastest Internet Connection
2023-07-01 08:00:00,Countries with Largest Forests
2023-07-01 19:00:00,Countries with Best Cusine
2023-07-02 08:00:00,Deadliest Spiders
2023-07-02 19:00:00,Strongest Military
2023-07-03 08:00:00,Strongest Military
2023-07-03 19:00:00,Cutest Cats
2023-07-04 08:00:00,Largest Airpots
2023-07-04 19:00:00,Beaches
2023-07-05 08:00:00,Dangerous Volcanos
2023-07-05 19:00:00,Most Dangerous Animals
2023-07-06 08:00:00,Strangest Foods
2023-07-06 19:00:00,Exotic Fruits
2023-07-07 08:00:00,Strongest Navies
2023-07-07 19:00:00,Countries with Fastest Birds
2023-07-08 08:00:00,Deadliest Hurricanes
2023-07-08 19:00:00,Countries in Fashion 2023
2023-07-09 08:00:00,Countries with  Most Beautiful Castles
2023-07-09 19:00:00,Countries with Tallest Mountains #mountain
2023-07-10 08:00:00,Most Popular Cuisines by Country #cusine
2023-07-10 19:00:00,Strangest Laws by Country #law
2023-07-11 08:00:00,Countries with Strongest Ballistic Missiles #military
2023-07-11 19:00:00,Historic Heroes From Different Countries #history
2023-07-12 08:00:00,Countries with Largest Standing Armies #military #army
2023-07-12 19:00:00,Most Powerful NATO Nations #nato #army #military
2023-07-13 08:00:00,Famous Battles of Countries
2023-07-13 19:00:00,Deadliest Bombing Raids #war #bombs
2023-07-14 08:00:00,Strongest Political Leaders
2023-07-14 19:00:00,Countries with Most Famous Capitals
2023-07-15 08:00:00,Biggest Enemies of USA Throughout History
2023-07-15 19:00:00,Countries with Most Ancient Civilizations
2023-07-16 08:00:00,Biggest Enemies of Germany Throughout History
2023-07-16 19:00:00,Most Popular National Dishes Around the World
2023-07-17 08:00:00,Strangest Sports Found in Different Countries #sports
2023-07-17 19:00:00, Intelligence Agencies Founded by Country #cia #spy
2023-07-18 08:00:00,Countries with Most Earning Athlethes #sports #nba #soccer
2023-07-18 19:00:00,Countries with Experimental Weapon Technology #military #history
2023-07-19 08:00:00,Famous Female Leaders of Countries Throughout History #woman #history
2023-07-19 19:00:00,Longest living Monarchs by Country
2023-07-20 08:00:00,Most Famous Scientists in Different Countries #science
2023-07-20 19:00:00,Strange Ancient Rituals Still Practiced in Different Countries #culture
2023-07-21 08:00:00,Most Horrific Wars in History #war #history
2023-07-21 19:00:00,Most Impactful Political Movements Across Countries #politics #history
2023-07-22 08:00:00,Most Successful Businesses by Country #business #money
2023-07-22 19:00:00, Oldest Living Structures in Different Countries 
2023-07-23 08:00:00,National Historical Sites Around the World
2023-07-23 19:00:00,Countries with Valuable Natural Resources #resources #ores
2023-07-10 08:00:00,Longest Surviving Countries in History #history
2023-07-14 17:00:00,Most Known National Symbols #nations #symbols
2023-07-15 02:00:00,Countries with Most Powerful Monarchs #monarchs #power
2023-07-15 06:00:00,Deadliest Military Inventions Throughout History #military #history
2023-07-15 17:00:00,Incredible Ancient Technology Found in Different Countries
2023-07-16 02:00:00,Highest Paying Careers in Different Countries
2023-07-16 06:00:00,Most Famous Artists in Different Countries
2023-07-16 07:00:00,Countries That Have Remained Unconquered #history
2023-07-16 13:00:00,Greatest Inventions from Different Countries  #inventions #history
2023-07-16 17:00:00,Most Conquered  Countries Throughout  #history
2023-07-17 02:00:00, Influential People from Countries Who Changed The World #history
2023-07-17 06:00:00,Most Popular National Sports Across Countries #sports
2023-07-17 10:00:00,Countries with Powerful Secret Societies Throughout History
2023-07-17 14:00:00,Strangest National Holidays 
